text,label,service
Kami membutuhkan sistem ERP untuk perusahaan manufaktur kami.,Corporate,Custom Software Development
Perusahaan saya ingin migrasi ke cloud karena server sering bermasalah.,Corporate,Cloud Infrastructure & Migration
Butuh audit keamanan sistem karena ada potensi kebocoran data.,Corporate,Cybersecurity Audit
Kami ingin konsultasi strategi IT untuk ekspansi bisnis.,Corporate,IT Strategy Consulting
Perusahaan kami butuh tim developer untuk membangun aplikasi internal.,Corporate,Custom Software Development
Urgent! kami butuh sistem keamanan IT secepatnya.,Corporate,Cybersecurity Audit
Saya punya usaha kecil dan ingin membuat website toko online.,SME,Custom Software Development
Butuh aplikasi kasir sederhana untuk usaha saya.,SME,Custom Software Development
Saya ingin bisnis saya go digital tapi bingung mulai dari mana.,SME,IT Strategy Consulting
Butuh website murah untuk promosi UMKM saya.,SME,Custom Software Development
Segera butuh landing page untuk jualan produk lokal.,SME,Custom Software Development
Saya ingin menyimpan data pelanggan di cloud.,SME,Cloud Infrastructure & Migration
Kami dari instansi pemerintah membutuhkan sistem pelayanan publik digital.,Government,Government Solutions
Pemerintah daerah ingin membuat dashboard smart city.,Government,Government Solutions
Butuh sistem manajemen data penduduk untuk dinas.,Government,Government Solutions
Pengadaan aplikasi untuk digitalisasi layanan masyarakat.,Government,Government Solutions
Kami butuh audit keamanan untuk sistem pemerintahan.,Government,Cybersecurity Audit
Proyek pengembangan sistem informasi nasional.,Government,Government Solutions
Perusahaan saya butuh developer buat bikin web app.,Corporate,Custom Software Development
Need IT team for enterprise application development.,Corporate,Custom Software Development
High priority requirement for secure infrastructure.,Corporate,Cybersecurity Audit
Saya mau bikin toko online sederhana.,SME,Custom Software Development
Butuh bantuan digital marketing dan website.,SME,IT Strategy Consulting
Usaha kecil saya ingin punya aplikasi sendiri.,SME,Custom Software Development
Kami dari kementerian butuh sistem pelaporan digital.,Government,Government Solutions
Butuh solusi IT untuk pelayanan publik yang lebih cepat.,Government,Government Solutions
Digital transformation for banking sector with high security.,Corporate,Cybersecurity Audit
Migrasi data center ke AWS untuk efisiensi biaya perusahaan.,Corporate,Cloud Infrastructure & Migration
Strategic IT roadmap for 5 year business plan.,Corporate,IT Strategy Consulting
Development of core banking system with microservices.,Corporate,Custom Software Development
External penetration testing for corporate network.,Corporate,Cybersecurity Audit
Urgent requirement for scalable cloud architecture.,Corporate,Cloud Infrastructure & Migration
butuh jasa pembuatan web buat umkm kuliner saya.,SME,Custom Software Development
pengen konsultasi cara jualan online pke website.,SME,IT Strategy Consulting
mau mindahin data jualan ke online biar aman.,SME,Cloud Infrastructure & Migration
butuh sistem kasir buat toko bangunan kecil.,SME,Custom Software Development
bikinin landing page buat promo produk baru umkm.,SME,Custom Software Development
deadline deket butuh web profil buat ukm segera.,SME,Custom Software Development
Sistem pendaftaran perizinan terpadu untuk kabupaten.,Government,Government Solutions
Audit infrastruktur data center pemerintah provinsi.,Government,Cybersecurity Audit
Konsultasi smart province untuk efisiensi publik.,Government,IT Strategy Consulting
Web base application for public health tracking system.,Government,Government Solutions
Modernisasi sistem perpajakan daerah segera.,Government,Government Solutions
Butuh developer buat aplikasi mobile kantor dinas.,Government,Custom Software Development
Enterprise resource planning for logistics company.,Corporate,Custom Software Development
Cloud optimization for high traffic e-commerce corporate.,Corporate,Cloud Infrastructure & Migration
ISO 27001 readiness and gap analysis for enterprise.,Corporate,Cybersecurity Audit
Business process re-engineering using digital solutions.,Corporate,IT Strategy Consulting
Custom software for supply chain management system.,Corporate,Custom Software Development
Urgent setup for corporate remote working infrastructure.,Corporate,Cloud Infrastructure & Migration
butuh applikasi buat usaha dagang kecil kecilan.,SME,Custom Software Development
mau bikin web yang murah buat usaha saya.,SME,Custom Software Development
konsultasi strategi biar bisnis ukm naik kelas.,SME,IT Strategy Consulting
segara butuh website buat pameran ukm besok.,SME,Custom Software Development
mindahik database ke cloud biar bisa diakses hp.,SME,Cloud Infrastructure & Migration
butuh bantuan buat audit keamanan web toko saya.,SME,Cybersecurity Audit
E-government solutions for municipality transparency.,Government,Government Solutions
National data identity management system project.,Government,Government Solutions
IT audit for state owned enterprise financial system.,Government,Cybersecurity Audit
Government cloud framework implementation for ministries.,Government,Cloud Infrastructure & Migration
Public service portal for citizen engagement mobile app.,Government,Government Solutions
butuh sistem buat handle pajak di kementrian.,Government,Government Solutions
Multinational company needs custom CRM integration.,Corporate,Custom Software Development
Security audit for financial technology infrastructure.,Corporate,Cybersecurity Audit
Cloud migration for manufacturing plant monitoring.,Corporate,Cloud Infrastructure & Migration
IT advisory for digital transformation in retail group.,Corporate,IT Strategy Consulting
Development of employee portal for large corporation.,Corporate,Custom Software Development
Immediate need for cybersecurity threat monitoring.,Corporate,Cybersecurity Audit
jasa bikin website buat pedagang pasar online.,SME,Custom Software Development
mau bikin app buat monitor stok barang di gudang kecil.,SME,Custom Software Development
cara biar website ukm saya aman dr hacker gmn ya.,SME,Cybersecurity Audit
migrasi server toko ke cloud biar kenceng websitenya.,SME,Cloud Infrastructure & Migration
konsultasi buat branding digital usaha rumahan.,SME,IT Strategy Consulting
butuh cepet web simpel buat jualan kue kering.,SME,Custom Software Development
Digitalization of land registry for national government.,Government,Government Solutions
Public safety dashboard using real-time data analytics.,Government,Government Solutions
Government cybersecurity defense for critical infrastructure.,Government,Cybersecurity Audit
Cloud adoption strategy for public education sector.,Government,IT Strategy Consulting
Municipal waste management tracking system application.,Government,Government Solutions
butuh sistem kependudukan yang anti lag buat kecamatan.,Government,Government Solutions
Banking software for global payment processing system.,Corporate,Custom Software Development
Risk management analysis for corporate IT systems.,Corporate,IT Strategy Consulting
Legacy system migration to modern cloud environment.,Corporate,Cloud Infrastructure & Migration
Incident response planning for enterprise cybersecurity.,Corporate,Cybersecurity Audit
Workflow automation for HR department in big company.,Corporate,Custom Software Development
Urgent fix for corporate server security breach.,Corporate,Cybersecurity Audit
bikin app kasir yang bisa scan barcode buat ukm.,SME,Custom Software Development
website ukm sering down butuh dipindah ke cloud.,SME,Cloud Infrastructure & Migration
biar bisnis ukm ga gaptek butuh konsultan it mending.,SME,IT Strategy Consulting
butuh web buat portofolio usaha kerajinan tangan.,SME,Custom Software Development
segira butuh aplikasi android buat kurir toko saya.,SME,Custom Software Development
cek keamanan web e-commerce kecil saya biar aman.,SME,Cybersecurity Audit
Online permit system for construction and building.,Government,Government Solutions
Smart street lighting control system for city gov.,Government,Government Solutions
National education database for student records.,Government,Government Solutions
Security hardening for government web applications.,Government,Cybersecurity Audit
Strategic planning for nationwide digital economy.,Government,IT Strategy Consulting
butuh apps buat pendaftaran Bansos biar transparan.,Government,Government Solutions
AI powered analytics for corporate marketing data.,Corporate,Custom Software Development
Disaster recovery planning for corporate data centers.,Corporate,Cloud Infrastructure & Migration
Compliance audit for global data privacy regulations.,Corporate,Cybersecurity Audit
Technology stack modernization for enterprise apps.,Corporate,IT Strategy Consulting
Internal communication platform for global employees.,Corporate,Custom Software Development
Urgent cloud capacity scaling for festive season sale.,Corporate,Cloud Infrastructure & Migration
pake cloud biar foto produk ukm ga ilang dimana ya.,SME,Cloud Infrastructure & Migration
butuh web e-commerce yang enteng buat hp jadul.,SME,Custom Software Development
konsultasi it buat pengusaha muda yang baru mulai.,SME,IT Strategy Consulting
app buat nyatet hutang pelanggan di toko kelontong.,SME,Custom Software Development
butuh orang buat benerin web toko yang kena malware.,SME,Cybersecurity Audit
secepatnya butuh jasa buat website umkm batik.,SME,Custom Software Development
Integrated transportation management system for city.,Government,Government Solutions
Civil servant payroll system for provincial office.,Government,Government Solutions
National fire alarm monitoring dashbord system.,Government,Government Solutions
Cybersecurity training for government employees.,Government,Cybersecurity Audit
Master plan for digitalizing agricultural sector.,Government,IT Strategy Consulting
butuh solusi it buat urusan surat menyurat di dinas.,Government,Government Solutions
Blockchain solution for corporate supply chain tracking.,Corporate,Custom Software Development
Multi-cloud strategy for redundant corporate systems.,Corporate,Cloud Infrastructure & Migration
Ethical hacking services for enterprise protection.,Corporate,Cybersecurity Audit
Digital business model innovation consulting.,Corporate,IT Strategy Consulting
Inventory management system with SAP integration.,Corporate,Custom Software Development
Immediate cloud deployment for new corporate branch.,Corporate,Cloud Infrastructure & Migration
butuh dev buat benerin bug di aplikasi ukm saya.,SME,Custom Software Development
pindah hosting ke cloud pke vps biar mantap.,SME,Cloud Infrastructure & Migration
tanya tanya ttg strategi jualan di marketplace.,SME,IT Strategy Consulting
butuh web profil buat pengrajin kayu segera bgt.,SME,Custom Software Development
web saya dihack butuh jasa security audit murah.,SME,Cybersecurity Audit
bikinin landing page buat promo baju lebaran UMKM.,SME,Custom Software Development
Disaster management system for regional authority.,Government,Government Solutions
Digital library system for schools and colleges.,Government,Government Solutions
Endpoint security for government office workstations.,Government,Cybersecurity Audit
E-procurement system for government goods & services.,Government,Government Solutions
Policy advisory for national data sovereignty.,Government,IT Strategy Consulting
butuh app buat lapor lubang jalan buat warga.,Government,Government Solutions
High performance computing for corporate R&D lab.,Corporate,Custom Software Development
Serverless architecture migration for enterprise cost.,Corporate,Cloud Infrastructure & Migration
Cloud security posture management for corporate.,Corporate,Cybersecurity Audit
Capability maturity model integration consulting.,Corporate,IT Strategy Consulting
Mobile app for corporate asset tracking system.,Corporate,Custom Software Development
High priority cloud migration due to data center closure.,Corporate,Cloud Infrastructure & Migration
mau bikin web yang ada pembayaran qris buat ukm.,SME,Custom Software Development
layanan cloud yang cocok buat simpen video cctv toko.,SME,Cloud Infrastructure & Migration
mentoring bisnis digital biar ga salah langkah.,SME,IT Strategy Consulting
aplikasi kasir buat toko hp second saya.,SME,Custom Software Development
cek keamanan script website biar ga gampang ditembus.,SME,Cybersecurity Audit
deadline deket mau bikin web landing page buat ukm.,SME,Custom Software Development
Parliamentary voting system digitalization project.,Government,Government Solutions
Public park monitoring system with IoT sensors.,Government,Government Solutions
Centralized database for national health insurance.,Government,Government Solutions
Cyber threat intelligence service for ministries.,Government,Cybersecurity Audit
Cloud first policy implementation for public sector.,Government,IT Strategy Consulting
butuh dashboard buat liat real time harga pangan.,Government,Government Solutions
Data warehouse for global sales performance analytics.,Corporate,Custom Software Development
Hybrid cloud integration for corporate legacy apps.,Corporate,Cloud Infrastructure & Migration
Zero trust architecture implementation for enterprise.,Corporate,Cybersecurity Audit
Executive coaching for CTOs and IT leaders.,Corporate,IT Strategy Consulting
B2B portal for corporate distributor network.,Corporate,Custom Software Development
Urgent security patch for internal corporate app.,Corporate,Cybersecurity Audit
jasa benerin website ukm yang tampilannya berantakan.,SME,Custom Software Development
pindah file dari laptop ke cloud biar aman gmn.,SME,Cloud Infrastructure & Migration
sharing session ttg peluang bisnis it buat ukm.,SME,IT Strategy Consulting
app buat booking servis di bengkel motor ukm.,SME,Custom Software Development
web ukm kecurian data butuh audit segera.,SME,Cybersecurity Audit
butuh cepet web simpel buat jualan kripik pedas.,SME,Custom Software Development
Digital archives system for national history museum.,Government,Government Solutions
Traffic violation detection system for traffic police.,Government,Government Solutions
Online education portal for public skill development.,Government,Government Solutions
Network security audit for municipal wifi project.,Government,Cybersecurity Audit
Roadmap for digital inclusive society initiatives.,Government,IT Strategy Consulting
butuh sistem pendataan aset kantor kementrian.,Government,Government Solutions
Custom ticketing system for corporate support desk.,Corporate,Custom Software Development
Mainframe to cloud migration project for big bank.,Corporate,Cloud Infrastructure & Migration
Identity and access management for enterprise users.,Corporate,Cybersecurity Audit
Agile transformation consultancy for IT departments.,Corporate,IT Strategy Consulting
Automated reporting for corporate legal department.,Corporate,Custom Software Development
Urgent scalability for global corporate webinar.,Corporate,Cloud Infrastructure & Migration
tanya tanya ttg cara bikin website buat ukm pemula.,SME,IT Strategy Consulting
web ukm lemot bgt butuh optimasi server cloud.,SME,Cloud Infrastructure & Migration
app buat stok barang yg bisa dipake offline ukm.,SME,Custom Software Development
cek keamanan web jualan perhiasan ukm saya.,SME,Cybersecurity Audit
mau bikin web simpel buat jasa laundry kiloan.,SME,Custom Software Development
segera butuh web buat promo pameran umkm lokal.,SME,Custom Software Development
Maritime monitoring system for coast guard agency.,Government,Government Solutions
Forest fire surveillance using thermal cameras IoT.,Government,Government Solutions
Public welfare payment distribution portal.,Government,Government Solutions
External security audit for gov e-voting pilot.,Government,Cybersecurity Audit
National broadband expansion strategic planning.,Government,IT Strategy Consulting
butuh sistem buat koordinasi antar dinas segera.,Government,Government Solutions
Global logistics tracking system using RFID.,Corporate,Custom Software Development
Edge computing deployment for corporate retail shops.,Corporate,Cloud Infrastructure & Migration
Information security advisory for corporate board.,Corporate,Cybersecurity Audit
IT governance and compliance consulting.,Corporate,IT Strategy Consulting
Knowledge management system for corporate research.,Corporate,Custom Software Development
Immediate cloud setup for remote audit team.,Corporate,Cloud Infrastructure & Migration
bikinin brosur digital dan web profil buat ukm.,SME,Custom Software Development
biar web ukm ga ilang datanya pke pnyimpanan apa.,SME,Cloud Infrastructure & Migration
training it buat karyawan ukm biar produktif.,SME,IT Strategy Consulting
app kasir yang bisa cetak struk via bluetooth hp.,SME,Custom Software Development
bantu benerin keamanan web ukm yg kena deface.,SME,Cybersecurity Audit
butuh website buat jualan sayur online ukm.,SME,Custom Software Development
Custom web portal for citizen suggestions and feedback.,Government,Government Solutions
E-tax filing portal for corporate and individuals.,Government,Government Solutions
National identity verification API service for gov.,Government,Government Solutions
Penetration testing for government portal websites.,Government,Cybersecurity Audit
Interoperability framework for government data.,Government,IT Strategy Consulting
butuh sistem buat monitoring progres proyek pemda.,Government,Government Solutions
Cloud native application development for enterprise.,Corporate,Custom Software Development
Kubernetes cluster setup for corporate applications.,Corporate,Cloud Infrastructure & Migration
Data loss prevention strategy for corporate data.,Corporate,Cybersecurity Audit
Vendor management and selection consulting for IT.,Corporate,IT Strategy Consulting
Real-time fraud detection for corporate banking.,Corporate,Custom Software Development
Urgent cloud recovery after unexpected downtime.,Corporate,Cloud Infrastructure & Migration
jasa desain web ukm biar keliatan professional.,SME,Custom Software Development
pindah domain dan hosting ke cloud biar kencang.,SME,Cloud Infrastructure & Migration
web ukm mau ada fitur chat grup buat pelanggan.,SME,Custom Software Development
konsultasi pilih vps cloud buat usaha toko online.,SME,IT Strategy Consulting
butuh jasa cek celah keamanan di web ukm saya.,SME,Cybersecurity Audit
secepatnya butuh landing page buat jualan jilbab umkm.,SME,Custom Software Development
Municipal budget management and tracking system.,Government,Government Solutions
Smart city platform for monitoring air quality.,Government,Government Solutions
Digital health records for public hospital network.,Government,Government Solutions
Information security policy for national agencies.,Government,Cybersecurity Audit
Strategy for future-proofing government IT assets.,Government,IT Strategy Consulting
butuh sistem arsip surat menyurat elektronik dinas.,Government,Government Solutions
Corporate video portal for internal training videos.,Corporate,Custom Software Development
Database sharding and scaling on cloud for enterprise.,Corporate,Cloud Infrastructure & Migration
Advanced encryption for corporate confidential files.,Corporate,Cybersecurity Audit
Benchmarking corporate IT services against market.,Corporate,IT Strategy Consulting
Bespoke analytics for corporate financial reporting.,Corporate,Custom Software Development
High priority cloud migration for m-commerce app.,Corporate,Cloud Infrastructure & Migration
mau bikin katalog produk online buat ukm mebel.,SME,Custom Software Development
tutorial mindahin web dari cpanel ke cloud ukm.,SME,Cloud Infrastructure & Migration
solusi it biar admin ukm ga pusing catet pesanan.,SME,IT Strategy Consulting
app simpel buat manajemen reseller umkm kecil.,SME,Custom Software Development
proteksi website ukm dari ddos attack gmn caranya.,SME,Cybersecurity Audit
butuh web landing page buat produk kesehatan ukm.,SME,Custom Software Development
Official mobile app for city tourism promotion.,Government,Government Solutions
Public transport card management system backend.,Government,Government Solutions
Secure communication system for government officials.,Government,Government Solutions
ISO 27001 audit for provincial data center.,Government,Cybersecurity Audit
Master plan for national digital transformation.,Government,IT Strategy Consulting
butuh portal buat pendaftaran sekolah online negeri.,Government,Government Solutions
Predictive maintenance system for corporate factories.,Corporate,Custom Software Development
Cloud service cost optimization for enterprise.,Corporate,Cloud Infrastructure & Migration
Vulnerability assessment for corporate web portal.,Corporate,Cybersecurity Audit
Agile coaching for corporate project managers.,Corporate,IT Strategy Consulting
Custom dashboard for corporate executive team.,Corporate,Custom Software Development
Urgent cloud infrastructure for sudden user spike.,Corporate,Cloud Infrastructure & Migration
bikinin web buat gallery foto hasil karya ukm.,SME,Custom Software Development
pindah data base ke cloud biar ga lemot buka web.,SME,Cloud Infrastructure & Migration
konsultasi bisnis digital buat ukm di pelosok.,SME,IT Strategy Consulting
app buat ngitung komisi sales ukm sederhana.,SME,Custom Software Development
perbaiki keamanan sistem jualan ukm yang bocor.,SME,Cybersecurity Audit
deadline besok butuh web jualan buat bazar ukm.,SME,Custom Software Development
State level geospatial data infrastructure system.,Government,Government Solutions
Social services case management system for dept.,Government,Government Solutions
Online platform for public petition and voting.,Government,Government Solutions
Security audit for national e-payment system.,Government,Cybersecurity Audit
Government data center consolidation strategy.,Government,IT Strategy Consulting
butuh sistem pendataan umkm buat dinas koperasi.,Government,Government Solutions
Digital twin simulation for corporate manufacturing.,Corporate,Custom Software Development
Multi-region cloud deployment for global brand.,Corporate,Cloud Infrastructure & Migration
Phishing simulation and training for corporate.,Corporate,Cybersecurity Audit
Digital leadership training for corporate execs.,Corporate,IT Strategy Consulting
Custom workflow for corporate procurement process.,Corporate,Custom Software Development
Critical cloud server migration before lease ends.,Corporate,Cloud Infrastructure & Migration
jasa benerin website ukm yang tampilannya error.,SME,Custom Software Development
web ukm mau ada fitur booking jadwal konsultasi.,SME,Custom Software Development
cara daftar hosting cloud idcloudhost buat ukm.,SME,Cloud Infrastructure & Migration
bisnis ukm saya butuh bantuan roadmap teknologi.,SME,IT Strategy Consulting
security check buat website ukm yang baru launching.,SME,Cybersecurity Audit
segera butuh landing page buat jualan kopi umkm.,SME,Custom Software Development
Integrated surveillance system for public borders.,Government,Government Solutions
Online permit system for small medical clinics.,Government,Government Solutions
Citizen grievance redressal system mobile app.,Government,Government Solutions
Database security hardening for gov census data.,Government,Cybersecurity Audit
Architecture review for national gov portal.,Government,IT Strategy Consulting
butuh sistem buat monitor dana desa biar transparan.,Government,Government Solutions
Kami adalah perusahaan manufaktur skala besar yang sedang mengalami kendala dalam mengelola sistem inventory antar cabang dan membutuhkan solusi ERP terintegrasi untuk meningkatkan efisiensi operasional harian.,Corporate,Custom Software Development
Perusahaan perbankan kami ingin melakukan migrasi menyeluruh ke infrastruktur cloud karena sistem server on-premise saat ini sering mengalami downtime yang cukup parah dan sangat menghambat proses transaksi nasabah.,Corporate,Cloud Infrastructure & Migration
"Sebagai perusahaan retail multinasional, kami membutuhkan audit keamanan sistem secara menyeluruh untuk memastikan data pelanggan kami terlindungi dari potensi kebocoran serta mematuhi regulasi privasi data yang berlaku internasional.",Corporate,Cybersecurity Audit
Dewan direksi kami sedang merencanakan transformasi digital besar-besaran untuk lima tahun ke depan dan kami membutuhkan konsultan strategi IT yang berpengalaman dalam menangani perubahan budaya kerja dan teknologi.,Corporate,IT Strategy Consulting
Kami membutuhkan tim pengembang profesional untuk membangun platform procurement secara custom yang dapat menghubungkan ratusan vendor kami dalam satu sistem yang transparan dan akuntabel.,Corporate,Custom Software Development
Instansi keuangan kami mendeteksi adanya aktivitas mencurigakan pada jaringan internal dan kami membutuhkan penanganan incident response segera serta penguatan perimeter keamanan siber secepat mungkin.,Corporate,Cybersecurity Audit
Perusahaan logistik kami sedang bertumbuh pesat dan membutuhkan arsitektur cloud yang scalable untuk menangani lonjakan data pelacakan pengiriman barang yang mencapai jutaan transaksi per hari.,Corporate,Cloud Infrastructure & Migration
Kami ingin mengembangkan sistem Human Capital Management yang disesuaikan dengan aturan ketenagakerjaan di Indonesia untuk mengelola ribuan karyawan kami yang tersebar di berbagai lokasi pabrik.,Corporate,Custom Software Development
Perusahaan asuransi kami membutuhkan evaluasi mendalam terhadap infrastruktur IT yang ada saat ini untuk mengidentifikasi celah efisiensi dan kerentanan keamanan sebelum melakukan ekspansi ke pasar regional.,Corporate,IT Strategy Consulting
Kami membutuhkan solusi integrasi API antara sistem CRM lama kami dengan platform marketing automation baru untuk memastikan data calon pelanggan terdistribusi secara efisien tanpa ada yang terlewat.,Corporate,Custom Software Development
Our multinational healthcare group is looking to migrate sensitive medical records to a secure hybrid cloud environment while maintaining compliance with health data protection standards.,Corporate,Cloud Infrastructure & Migration
We need an intensive penetration testing and vulnerability assessment across our entire enterprise network to prepare for the upcoming ISO 27001 certification and ensure data integrity.,Corporate,Cybersecurity Audit
The management team requires a comprehensive IT roadmap to align our technological investments with the overall business objectives for the next fiscal year across all departments.,Corporate,IT Strategy Consulting
Kami butuh sistem analisis data berbasis AI untuk membantu departemen keuangan kami dalam mendeteksi pola kecurangan atau fraud dalam ribuan reimburse setiap bulannya secara otomatis.,Corporate,Custom Software Development
Perusahaan tambang kami berencana mengimplementasikan sistem monitoring aset jarak jauh menggunakan IoT di area operasional yang sangat luas dan membutuhkan infrastruktur cloud yang tangguh.,Corporate,Cloud Infrastructure & Migration
Requirement for an automated compliance monitoring tool that can track all legislative changes in the financial industry and update our internal policies automatically without human error.,Corporate,IT Strategy Consulting
Kami memerlukan jasa kustomisasi aplikasi mobile internal untuk sales force kami agar mereka dapat melakukan update laporan kunjungan pelanggan secara real-time dari seluruh wilayah Indonesia.,Corporate,Custom Software Development
Saya mengelola usaha kecil di bidang kuliner dan saat ini sangat ingin mengembangkan bisnis dengan membuat website e-commerce yang memiliki sistem pemesanan online yang mudah digunakan pelanggan.,SME,Custom Software Development
Usaha dagang saya selama ini dikelola secara manual dan sekarang saya ingin beralih ke sistem digital agar pencatatan transaksi serta pengelolaan stok barang di gudang menjadi lebih rapi.,SME,Custom Software Development
Toko online saya sedang mengalami masalah pada server hosting yang sering lambat dan saya butuh bantuan untuk memindahkannya ke layanan cloud agar akses pelanggan tetap cepat dan lancar.,SME,Cloud Infrastructure & Migration
Bisnis keluarga kami ingin melakukan transformasi digital namun kami merasa bingung harus memulai dari mana sehingga kami membutuhkan sesi konsultasi strategi IT untuk pemula.,SME,IT Strategy Consulting
Kami butuh bantuan segera untuk melakukan pengecekan keamanan pada website toko online kami karena baru-baru ini terjadi upaya akses ilegal yang cukup mengkhawatirkan data pembeli.,SME,Cybersecurity Audit
Saya butuh aplikasi kasir sederhana yang bisa diakses melalu smartphone agar saya bisa memantau penjualan di toko saya meskipun saya sedang tidak berada di lokasi.,SME,Custom Software Development
Usaha UMKM kerajinan tangan saya mulai mendapatkan banyak orderan dari luar negeri dan saya membutuhkan website katalog internasional yang profesional untuk meningkatkan kepercayaan calon pembeli mancanegara.,SME,Custom Software Development
Kami ingin bermigrasi ke penyimpanan cloud yang terjangkau karena hardisk kantor kami sering bermasalah dan kami takut dokumen-dokumen penting perusahaan hilang begitu saja.,SME,Cloud Infrastructure & Migration
"Sebagai pemilik startup baru, saya butuh panduan dalam memilih teknologi yang tepat agar sistem yang kami bangun sekarang tidak cepat usang dan bisa dikembangkan terus di masa depan.",SME,IT Strategy Consulting
Butuh pembuatan landing page yang menarik dan cepat selesai karena kami akan meluncurkan kampanye promosi produk baru untuk menyambut hari raya bulan depan.,SME,Custom Software Development
Saya adalah pemilik butik lokal yang ingin membuat aplikasi mobile sederhana bagi member setia agar mereka bisa mendapatkan poin dan diskon khusus setiap kali berbelanja di toko kami.,SME,Custom Software Development
Usaha jasa fotokopi dan desain saya butuh sistem manajemen file di cloud yang aman agar pelanggan bisa mengirim data cetak tanpa harus datang langsung membawa flashdisk.,SME,Cloud Infrastructure & Migration
Kami butuh audit keamanan untuk platform marketplace kecil yang kami kelola sendiri karena kami ingin memastikan transaksi pembayaran antar user benar-benar aman dari peretas.,SME,Cybersecurity Audit
Bisnis jasa laundry saya butuh bantuan untuk membuat roadmap digital agar proses operasional dari terima barang hingga pengiriman bisa dipantau secara otomatis lewat aplikasi.,SME,IT Strategy Consulting
Segera butuh jasa pembuatan website profil perusahaan untuk firma hukum kecil kami agar kami terlihat lebih kredibel di mata klien yang mencari jasa pengacara lewat internet.,SME,Custom Software Development
Kami butuh sistem pencatatan keuangan yang simpel buat UMKM kami supaya kami tau berapa keuntungan bersih setiap harinya tanpa harus menghitung dengan kalkulator secara manual.,SME,Custom Software Development
I want to build a small online store for my home-based bakery that allows customers to choose their delivery dates and pay via digital wallets or bank transfers.,SME,Custom Software Development
Instansi pemerintah daerah kami berencana membangun sistem pelayanan publik berbasis digital yang terpadu guna meningkatkan transparansi dan efisiensi dalam setiap pengurusan administrasi kependudukan masyarakat.,Government,Government Solutions
Pemerintah kota kami saat ini sangat membutuhkan dashboard smart city yang mampu menampilkan data real-time berbagai sektor untuk membantu pimpinan dalam pengambilan keputusan yang cepat dan akurat.,Government,Government Solutions
Kami dari dinas kependudukan sedang mencari tim ahli untuk mengaudit keamanan basis data nasional kami guna mencegah potensi serangan siber yang dapat mengekspos informasi sensitif jutaan warga.,Government,Cybersecurity Audit
Kementerian kami membutuhkan pengembangan sistem informasi manajemen aset nasional untuk melacak keberadaan dan kondisi seluruh inventaris negara yang ada di berbagai kantor perwakilan daerah.,Government,Government Solutions
Kami membutuhkan konsultasi strategi terkait implementasi kerangka kerja Satu Data Indonesia agar integrasi informasi antar lembaga pemerintah bisa berjalan harmonis tanpa ada tumpang tindih data.,Government,IT Strategy Consulting
Dinas perhubungan membutuhkan aplikasi mobile yang dapat diakses warga secara luas untuk melaporkan kemacetan atau kerusakan fasilitas jalan umum secara langsung dengan koordinat GPS yang tepat.,Government,Government Solutions
Kami memerlukan migrasi infrastruktur data center pemerintah provinsi ke dalam lingkungan cloud resmi pemerintah (Pusat Data Nasional) sesuai dengan arahan kebijakan transformasi digital terbaru dari pusat.,Government,Cloud Infrastructure & Migration
Dinas kesehatan perlu membangun sistem rekam medis elektronik yang saling terhubung antar puskesmas di seluruh kabupaten agar riwayat pengobatan pasien dapat dipantau dengan mudah dari mana saja.,Government,Government Solutions
Instansi pemadam kebakaran membutuhkan sistem peringatan dini dan pemantauan titik api menggunakan citra satelit yang dapat dimonitor secara real-time dari ruang kendali pusat komando.,Government,Government Solutions
Kami butuh bantuan dalam menyusun kebijakan keamanan siber internal untuk seluruh pegawai pemerintah kota agar sadar akan bahaya phishing dan bisa menjaga keamanan akun dinas masing-masing.,Government,Cybersecurity Audit
The Ministry of Education is looking for a scalable e-learning platform to support distance learning for thousands of students in remote areas with limited internet connectivity issues.,Government,Government Solutions
Pemerintah daerah kami butuh sistem e-procurement yang transparan untuk mengelola seluruh proyek pengadaan barang dan jasa agar terhindar dari praktik korupsi dan kolusi selama proses lelang.,Government,Government Solutions
"Dinas Pariwisata ingin membuat portal informasi digital yang berisi peta lokasi wisata, jadwal event, dan pemesanan tiket online untuk menarik lebih banyak kunjungan wisatawan ke daerah kami.",Government,Government Solutions
Audit infrastruktur jaringan di kantor dinas pendidikan sangat diperlukan karena koneksi internet sering terputus dan menghambat sistem pendaftaran sekolah online yang sedang berlangsung saat ini.,Government,Cybersecurity Audit
Kami membutuhkan roadmap strategis untuk digitalisasi sektor pertanian guna membantu petani lokal dalam memantau harga pasar dan mendapatkan bantuan pupuk secara tepat sasaran melalui aplikasi.,Government,IT Strategy Consulting
Kementerian Lingkungan Hidup ingin membangun dashboard pemantauan kualitas udara dan air secara nasional yang datanya diambil dari sensor IoT yang tersebar di wilayah industri.,Government,Government Solutions
Pengembangan sistem manajemen pengaduan warga yang responsif sangat mendesak bagi pemerintah kota agar setiap keluhan masyarakat dapat segera ditindaklanjuti oleh dinas terkait dalam waktu 24 jam.,Government,Government Solutions
